Year ,Car_Age,MILEAGE,CAR_PRICE
2022,1,11460,21998
2021,2,18595,23968
2016,7,80497,15999
2019,4,71405,16998
2017,6,62727,15998
2018,5,49553,17995
2023,0,10,23023
2014,9,100997,12999
2013,10,30180,16999
2009,14,133986,9999
2008,15,61760,10950
2010,13,121062,9917
2011,12,98000,11450